RPM,Feed_Rate,Vibration,Temperature,Torque,Status
1832.87,0.216,1.084,52.07,20.93,0
2184.9,0.212,0.426,32.93,21.06,0
2243.17,0.163,0.789,30.02,20.59,0
2858.63,0.173,1.033,36.94,27.63,0
2139.85,0.247,1.087,40.55,17.85,0
2402.95,0.241,0.634,46.46,11.28,0
2631.18,0.244,0.697,33.92,30.42,0
2177.12,0.217,0.471,47.27,22.3,0
2849.27,0.244,1.268,50.28,23.55,0
2125.91,0.217,1.293,41.65,23.7,0
3207.83,0.155,1.25,47.08,17.74,0
893.94,0.338,2.1,57.91,49.17,1
2368.2,0.218,1.443,41.37,19.34,0
5275.22,0.42,2.908,85.49,6.94,2
2303.4,0.156,0.848,35.83,45.61,0
1955.81,0.159,0.855,41.01,10.36,0
3258.24,0.158,0.753,52.61,32.03,0
2461.37,0.217,0.976,43.31,35.03,0
3139.48,0.298,0.418,39.66,26.18,0
2936.7,0.169,1.107,44.85,33.53,0
4505.62,0.068,1.849,68.59,41.19,1
842.38,0.381,2.145,69.63,41.65,1
2906.31,0.149,1.222,33.03,25.83,0
5275.24,0.016,3.326,87.36,4.43,2
2635.77,0.242,1.052,36.48,32.35,0
3295.06,0.151,1.236,53.11,19.26,0
2754.69,0.247,0.74,46.02,15.41,0
2036.93,0.196,1.102,46.94,30.79,0
4518.75,0.36,1.679,67.41,44.11,1
2928.4,0.194,1.222,41.83,30.44,0
2232.09,0.243,1.064,36.28,26.21,0
2731.19,0.212,0.757,52.4,25.36,0
4710.76,0.359,2.091,66.29,45.1,1
3023.15,0.229,1.341,51.68,29.56,0
4199.85,0.099,2.694,55.66,47.75,1
1532.37,0.155,0.9,55.92,25.9,0
2061.78,0.211,1.014,40.44,40.01,0
4503.03,0.084,1.854,61.04,44.54,1
2036.91,0.283,0.9,42.78,27.22,0
4247.82,0.089,2.068,58.37,52.37,1
3260.15,0.165,1.133,50.42,18.51,0
2464.28,0.135,0.968,31.04,15.9,0
2235.97,0.207,1.432,34.95,33.14,0
2506.14,0.19,1.018,49.53,25.88,0
3451.61,0.138,1.64,31.34,23.94,0
5127.04,0.481,2.608,82.05,6.7,2
665.35,0.025,2.776,94.35,8.38,2
930.62,0.078,1.667,62.96,46.05,1
5203.15,0.444,2.892,81.93,8.82,2
3174.13,0.307,0.897,46.75,27.27,0
4518.01,0.355,1.848,69.43,44.07,1
1551.01,0.204,1.318,46.66,22.78,0
4938.51,0.409,3.628,81.38,52.7,2
1604.82,0.264,1.231,48.45,25.62,0
2914.09,0.18,1.067,45.09,25.68,0
5541.36,0.034,3.61,95.95,51.64,2
2140.36,0.162,0.737,35.72,19.6,0
3536.65,0.125,0.806,42.18,36.79,0
5015.24,0.474,2.812,81.92,7.87,2
3239.51,0.12,0.82,45.04,25.33,0
4180.18,0.331,2.213,59.38,38.86,1
3266.61,0.212,1.614,45.8,35.86,0
4851.07,0.084,2.447,69.39,43.27,1
2294.61,0.253,0.472,36.72,10.73,0
4874.37,0.461,2.319,84.72,5.77,2
2725.35,0.131,1.146,30.56,41.39,0
1838.89,0.155,1.168,39.73,36.72,0
937.42,0.075,2.015,62.56,36.42,1
941.04,0.336,2.064,63.1,40.76,1
2606.88,0.202,1.24,45.48,30.38,0
2031.79,0.187,1.038,51.07,28.3,0
4168.18,0.322,2.357,66.12,45.3,1
1974.99,0.183,0.367,54.4,15.85,0
3437.69,0.228,1.625,54.74,10.95,0
3140.47,0.211,1.252,44.92,13.53,0
2129.75,0.137,1.357,44.71,26.22,0
5469.27,0.452,3.301,91.21,51.36,2
2883.17,0.213,0.729,49.47,13.37,0
4170.27,0.119,0.955,42.15,20.79,0
2956.15,0.226,1.432,27.7,19.42,0
2601.84,0.204,1.146,56.06,24.16,0
909.1,0.339,1.796,53.96,46.44,1
996.1,0.086,2.315,60.78,38.68,1
4665.88,0.355,1.541,65.83,47.28,1
2703.1,0.179,1.19,60.89,26.27,0
2648.93,0.145,0.755,55.57,27.81,0
983.0,0.306,2.386,62.78,43.29,1
855.79,0.094,2.155,59.71,42.95,1
611.06,0.42,3.072,98.22,55.19,2
3222.98,0.234,0.811,43.72,22.7,0
2217.83,0.221,0.883,36.36,17.3,0
1549.96,0.271,0.761,49.63,28.33,0
3291.3,0.253,0.926,44.54,30.65,0
2596.81,0.239,1.142,34.29,32.27,0
2081.07,0.166,0.803,48.12,25.1,0
3164.39,0.209,0.598,46.04,17.58,0
1829.23,0.267,0.901,41.86,10.13,0
3151.66,0.18,0.505,49.91,26.64,0
3590.81,0.172,-0.07,42.5,26.67,0
2565.84,0.191,1.154,42.94,34.9,0
706.25,0.008,2.548,76.46,58.85,2
2603.54,0.188,0.888,49.98,28.11,0
1031.71,0.332,2.098,58.74,48.7,1
4251.7,0.343,1.971,58.6,52.02,1
1447.92,0.173,1.292,44.78,22.65,0
3307.63,0.215,0.487,35.56,30.2,0
1726.93,0.205,0.511,48.86,39.04,0
4551.21,0.348,2.689,64.21,48.23,1
2125.11,0.201,1.155,39.92,26.31,0
2046.77,0.124,0.76,54.39,18.81,0
1930.36,0.332,1.148,46.29,18.99,0
2920.19,0.23,0.544,44.96,20.39,0
3189.56,0.165,0.99,57.4,20.61,0
3587.47,0.225,1.16,37.39,31.51,0
2063.72,0.188,0.978,49.34,26.24,0
793.17,0.367,2.41,64.65,38.36,1
2991.09,0.207,1.134,43.51,32.9,0
893.57,0.325,2.424,59.79,50.11,1
885.05,0.1,2.26,66.42,39.6,1
2851.3,0.204,1.32,41.38,34.87,0
3051.9,0.216,0.495,32.69,18.89,0
2976.19,0.133,0.724,37.97,19.63,0
1339.79,0.14,0.679,49.78,23.84,0
833.95,0.087,1.802,70.84,51.48,1
2117.36,0.173,0.813,41.11,20.54,0
3213.41,0.181,0.648,50.57,32.34,0
2168.67,0.232,1.061,34.39,35.83,0
3577.53,0.182,1.175,48.8,32.59,0
2393.83,0.16,0.586,39.88,24.77,0
3576.73,0.235,0.682,20.63,18.91,0
2206.34,0.252,1.205,57.93,29.09,0
871.26,0.084,1.715,70.33,49.68,1
2110.49,0.224,0.889,39.17,20.17,0
939.6,0.363,1.432,68.77,39.6,1
2315.33,0.211,1.075,56.04,24.33,0
2667.41,0.209,1.123,43.7,22.17,0
910.64,0.074,2.11,62.37,44.48,1
4388.96,0.099,1.986,58.85,44.29,1
4641.67,0.073,1.933,59.27,44.54,1
2879.96,0.124,0.792,44.68,26.7,0
4366.18,0.364,1.975,70.59,46.37,1
936.54,0.337,2.281,65.98,47.84,1
817.54,0.066,1.988,57.85,45.51,1
2091.37,0.168,1.299,43.06,24.82,0
2228.62,0.079,0.525,50.32,30.5,0
4495.16,0.344,2.014,72.52,48.51,1
1974.21,0.202,0.919,44.4,23.75,0
2060.87,0.29,1.192,41.0,29.01,0
2665.31,0.16,1.544,47.51,27.75,0
954.52,0.363,2.593,64.01,50.27,1
3541.58,0.21,0.805,41.61,22.76,0
721.21,0.439,2.967,93.64,55.15,2
2572.02,0.179,0.576,48.38,22.06,0
2444.94,0.225,1.115,52.22,31.12,0
2960.87,0.248,1.884,42.13,25.54,0
3405.84,0.282,1.18,52.93,16.06,0
1570.73,0.176,1.187,41.67,34.72,0
1668.65,0.272,0.217,47.65,24.25,0
2058.43,0.281,0.506,57.68,31.19,0
1704.95,0.254,1.314,42.93,25.12,0
2443.74,0.13,0.834,48.03,22.9,0
2145.22,0.102,0.734,47.97,40.33,0
5088.7,0.017,3.831,82.66,8.58,2
3153.66,0.196,0.989,50.09,25.36,0
2421.45,0.148,0.943,48.14,20.88,0
2505.58,0.246,1.104,51.99,4.73,0
1977.32,0.22,0.718,49.51,26.94,0
2109.57,0.19,1.065,51.09,28.47,0
698.46,0.032,3.442,90.94,6.28,2
1389.44,0.247,1.103,37.22,30.62,0
680.08,0.032,3.142,89.51,4.72,2
960.23,0.372,1.561,72.97,41.61,1
1568.36,0.185,0.612,40.79,26.19,0
2079.93,0.166,1.676,51.87,22.73,0
2227.45,0.199,0.653,34.27,35.12,0
1405.56,0.269,1.169,49.16,30.97,0
687.37,0.018,2.698,83.6,54.61,2
2534.68,0.238,0.751,46.14,19.98,0
777.93,0.043,3.22,82.09,52.73,2
726.42,0.029,2.089,85.61,6.09,2
903.25,0.085,1.792,70.35,41.35,1
982.31,0.393,1.866,62.07,44.68,1
3155.96,0.173,0.719,40.1,20.5,0
2940.55,0.132,1.2,34.15,20.68,0
3637.9,0.252,0.844,33.46,32.32,0
662.57,0.019,2.591,95.4,58.86,2
3118.64,0.205,1.139,59.82,16.79,0
1759.92,0.284,1.126,40.06,24.61,0
1905.58,0.231,0.726,45.57,36.08,0
2315.93,0.255,1.183,37.35,22.79,0
703.65,0.455,3.077,83.45,54.39,2
2090.78,0.141,0.539,36.67,25.42,0
4538.67,0.079,2.009,73.45,52.57,1
990.98,0.201,1.658,49.76,27.61,0
4427.72,0.347,1.773,62.83,42.82,1
5218.03,0.466,3.115,84.42,58.99,2
2533.99,0.226,0.979,48.41,25.45,0
1314.72,0.214,0.762,48.78,16.02,0
2371.93,0.275,1.045,42.64,20.71,0
2318.52,0.201,0.781,34.26,31.39,0
967.65,0.247,0.59,43.43,16.81,0
4675.73,0.088,1.883,62.27,46.57,1
1903.54,0.198,0.412,59.42,16.65,0
2475.95,0.191,1.514,35.4,13.71,0
2670.93,0.21,1.343,37.15,13.81,0
4931.46,0.074,1.351,61.8,45.67,1
2775.98,0.166,1.604,45.96,22.44,0
2610.81,0.16,1.39,38.13,15.7,0
816.25,0.306,1.765,69.4,47.43,1
3286.7,0.184,0.925,54.3,28.89,0
2149.99,0.202,1.437,57.59,30.22,0
2856.06,0.182,0.748,37.69,11.24,0
2847.67,0.207,0.855,42.68,26.47,0
2401.26,0.243,0.825,43.83,26.98,0
4471.99,0.355,2.054,58.52,46.6,1
4506.1,0.065,1.468,66.2,55.41,1
3586.83,0.231,1.099,51.3,20.64,0
2786.85,0.19,0.745,40.94,29.12,0
2931.9,0.272,0.846,37.23,26.95,0
3372.89,0.161,1.194,44.15,27.94,0
2227.49,0.159,0.755,30.34,29.12,0
2703.23,0.129,0.472,34.32,33.84,0
4332.85,0.098,2.463,75.03,53.25,1
3225.02,0.169,1.248,44.95,34.19,0
2397.89,0.177,1.209,51.69,25.62,0
3386.52,0.178,0.734,39.1,24.05,0
3408.07,0.232,0.693,57.98,33.55,0
2849.26,0.257,0.909,53.39,11.44,0
2206.69,0.144,1.042,32.62,27.26,0
2411.44,0.252,0.942,42.42,27.81,0
3925.55,0.075,1.139,64.2,48.6,1
2966.87,0.15,1.091,50.36,33.59,0
651.18,0.436,3.365,80.98,53.92,2
3131.83,0.302,0.606,37.33,23.82,0
2566.57,0.218,1.507,53.12,22.36,0
891.64,0.325,1.833,59.68,46.23,1
693.43,0.046,3.459,90.06,55.96,2
3357.59,0.146,0.124,48.06,31.33,0
3561.92,0.148,0.787,45.52,34.78,0
2534.21,0.168,0.76,41.62,18.33,0
784.31,0.359,1.912,57.18,48.53,1
2453.3,0.151,0.998,52.27,28.54,0
2567.96,0.128,1.276,40.32,38.11,0
4653.08,0.295,2.319,61.78,49.12,1
4596.69,0.105,1.713,67.12,53.25,1
1859.48,0.21,1.072,48.65,25.04,0
1862.56,0.221,0.944,51.9,33.31,0
1107.17,0.36,1.929,59.97,49.56,1
2400.76,0.265,0.973,29.32,21.51,0
3095.61,0.242,1.164,43.33,22.43,0
2102.37,0.099,1.229,53.8,14.37,0
999.51,0.344,1.797,62.99,47.1,1
4230.8,0.077,2.309,58.42,47.89,1
2900.48,0.22,0.928,49.71,38.3,0
1477.07,0.086,1.042,52.7,26.77,0
2461.93,0.173,0.973,47.32,26.33,0
2238.87,0.238,1.059,47.22,31.22,0
2183.95,0.218,1.551,43.44,22.55,0
1368.88,0.185,0.518,50.45,32.35,0
1981.63,0.248,1.513,44.27,23.82,0
4406.58,0.084,1.722,66.19,48.9,1
940.09,0.107,1.967,64.31,48.81,1
3233.08,0.287,0.696,50.48,18.24,0
2518.1,0.309,0.947,45.86,28.86,0
4521.41,0.081,1.871,61.54,39.37,1
2450.14,0.155,0.799,43.57,25.05,0
2314.47,0.162,1.096,54.38,11.87,0
705.75,0.028,3.532,90.38,5.04,2
2463.6,0.274,0.787,47.41,30.38,0
1781.09,0.251,1.206,47.94,22.36,0
2845.47,0.229,1.326,46.35,19.27,0
2376.87,0.243,1.34,39.31,37.47,0
1860.89,0.212,1.274,37.01,25.05,0
2319.25,0.184,1.399,50.33,33.97,0
5283.82,0.039,2.247,88.99,4.61,2
4693.89,0.084,2.325,60.28,40.62,1
1011.4,0.102,1.454,61.53,37.66,1
3202.75,0.252,1.338,37.36,22.12,0
1921.36,0.178,1.015,43.87,15.11,0
3227.99,0.116,0.758,51.75,36.31,0
3634.83,0.177,0.986,36.97,25.04,0
5134.54,0.029,3.295,75.98,4.29,2
2637.39,0.201,1.047,46.41,19.55,0
4079.75,0.11,0.845,40.26,21.97,0
981.59,0.325,1.74,65.85,50.04,1
2694.64,0.182,1.189,40.42,18.69,0
3136.39,0.191,1.432,40.14,28.18,0
941.9,0.385,1.796,65.38,43.55,1
3680.74,0.155,1.009,44.64,36.49,0
4452.79,0.138,0.456,58.55,30.19,0
2612.45,0.227,1.092,29.6,13.01,0
3268.44,0.219,1.049,44.95,15.31,0
3077.85,0.145,0.745,50.06,18.96,0
4715.91,0.322,2.364,60.66,50.79,1
707.05,0.437,3.173,85.9,5.29,2
2687.87,0.192,0.777,40.27,23.99,0
2564.07,0.193,1.009,49.26,21.76,0
2368.33,0.233,1.281,33.75,19.66,0
3023.75,0.169,0.954,49.91,23.05,0
2880.02,0.232,0.628,45.42,26.94,0
1987.2,0.217,1.002,52.03,40.31,0
1725.78,0.21,0.853,50.65,18.19,0
918.93,0.073,1.792,62.95,42.9,1
4374.76,0.368,2.063,69.13,41.53,1
2336.21,0.161,1.219,41.58,32.19,0
4670.18,0.079,2.138,64.67,52.93,1
3353.65,0.246,1.29,53.65,25.62,0
2618.39,0.21,0.915,41.93,25.98,0
2500.32,0.23,0.567,28.93,21.15,0
1767.57,0.262,0.904,42.22,28.38,0
3123.47,0.196,1.201,37.5,14.12,0
2990.73,0.264,1.243,52.53,15.42,0
1959.63,0.232,0.901,49.22,21.19,0
2402.32,0.113,1.036,34.32,17.06,0
2362.84,0.15,0.231,43.66,41.89,0
2970.76,0.227,0.987,59.13,26.51,0
2929.23,0.236,1.132,45.14,29.71,0
2855.09,0.249,0.777,29.87,26.79,0
2598.86,0.203,1.052,46.71,23.44,0
3393.92,0.18,0.946,39.8,19.42,0
2394.49,0.283,1.006,46.61,16.18,0
2130.18,0.217,0.702,47.75,34.89,0
2798.93,0.257,1.474,37.89,19.32,0
637.12,0.453,2.847,80.82,9.18,2
5216.15,0.446,3.549,84.15,59.35,2
2609.1,0.179,1.177,33.81,28.24,0
2070.02,0.208,1.049,45.29,28.84,0
670.94,0.471,2.873,80.19,6.66,2
5284.35,0.462,2.917,82.55,60.55,2
2539.66,0.199,0.854,39.43,27.37,0
2946.52,0.191,0.805,54.25,34.94,0
5215.08,0.475,2.234,78.94,6.46,2
823.68,0.071,2.175,55.33,51.76,1
2390.93,0.209,1.264,43.93,22.79,0
4216.26,0.082,1.692,65.46,43.73,1
2906.3,0.182,0.729,44.38,31.3,0
2946.75,0.203,1.393,40.77,24.66,0
2399.68,0.233,1.501,62.04,20.45,0
2580.38,0.157,1.194,51.96,23.86,0
2143.72,0.152,1.244,54.36,35.38,0
2211.36,0.157,0.723,42.49,19.23,0
5130.37,0.045,2.484,76.0,5.27,2
620.58,0.032,3.798,100.55,54.27,2
2335.34,0.211,0.939,44.52,29.49,0
1831.69,0.216,0.865,40.03,38.13,0
2390.26,0.102,0.269,46.01,22.21,0
923.99,0.084,1.7,66.53,52.37,1
1432.99,0.167,0.689,44.66,26.31,0
2637.96,0.126,1.304,45.05,34.47,0
2755.67,0.191,0.596,49.77,22.25,0
2246.49,0.139,0.87,49.73,24.04,0
2658.79,0.247,0.781,36.05,23.28,0
2131.46,0.208,0.988,49.91,30.99,0
2902.89,0.233,1.127,43.82,27.83,0
2474.6,0.219,1.012,35.64,26.68,0
2557.76,0.128,1.052,40.09,36.94,0
2571.55,0.294,1.147,47.0,17.53,0
3559.43,0.169,0.734,44.36,39.32,0
961.68,0.06,2.461,56.76,45.68,1
3793.2,0.151,0.567,55.01,25.99,0
2199.47,0.203,1.217,50.31,35.21,0
4276.47,0.08,2.105,66.49,45.22,1
3308.0,0.298,1.162,38.3,29.55,0
1916.13,0.106,1.138,35.55,12.97,0
3264.99,0.186,1.268,32.21,24.62,0
926.42,0.082,1.882,72.35,47.39,1
2148.51,0.179,1.409,47.31,31.26,0
1160.84,0.075,1.613,67.14,38.34,1
3475.69,0.249,0.698,44.8,23.92,0
702.12,0.035,3.324,87.73,7.72,2
2559.76,0.117,0.357,48.73,32.34,0
4609.78,0.077,2.37,68.54,45.04,1
881.62,0.075,2.125,69.23,45.7,1
913.17,0.304,1.68,59.81,47.98,1
3085.49,0.246,0.626,45.38,20.03,0
1744.9,0.205,0.542,35.08,29.2,0
1673.43,0.172,1.306,59.62,13.9,0
1372.05,0.254,1.317,45.0,15.92,0
2696.69,0.246,0.696,45.6,18.52,0
2653.23,0.222,0.758,41.69,16.01,0
903.06,0.085,1.986,61.18,53.11,1
3075.09,0.214,1.528,47.6,27.72,0
733.13,0.09,1.76,64.68,49.95,1
677.13,0.463,3.185,81.97,5.42,2
2204.86,0.162,0.972,49.93,35.43,0
783.78,0.093,2.333,62.98,43.44,1
3131.19,0.205,0.826,55.05,9.53,0
3303.02,0.144,1.201,38.57,36.05,0
1839.32,0.145,0.894,49.47,14.74,0
2817.93,0.221,1.477,46.79,19.76,0
763.98,0.335,1.794,66.99,47.62,1
4784.26,0.342,1.975,67.72,51.52,1
3951.88,0.159,1.22,54.08,25.8,0
3038.97,0.136,1.184,48.7,27.45,0
897.77,0.088,1.98,62.19,38.75,1
4722.24,0.373,2.02,57.84,43.24,1
3479.71,0.212,0.885,49.14,31.27,0
5023.55,0.445,2.924,84.82,52.89,2
2873.24,0.266,1.116,52.64,39.09,0
981.9,0.377,2.24,60.91,51.13,1
2922.18,0.208,0.938,48.92,14.7,0
707.06,0.039,3.002,90.95,7.34,2
2403.78,0.208,0.854,56.26,27.48,0
4422.17,0.1,1.946,58.66,52.62,1
676.84,0.455,2.54,81.76,5.44,2
2649.41,0.196,0.865,46.37,19.69,0
926.56,0.35,2.189,60.98,48.58,1
5243.3,0.031,2.654,83.97,54.29,2
5183.26,0.449,3.192,82.94,49.97,2
2851.29,0.162,0.611,41.81,26.27,0
2272.36,0.217,1.264,42.34,11.57,0
2409.94,0.182,1.09,46.29,43.85,0
1644.17,0.239,0.746,44.83,11.8,0
868.5,0.339,1.672,70.65,47.73,1
931.5,0.357,1.645,62.5,51.81,1
2455.15,0.262,0.981,51.66,22.43,0
2184.3,0.102,0.853,47.41,26.83,0
1746.94,0.311,0.952,47.07,14.38,0
1964.6,0.22,0.613,47.04,18.64,0
2070.97,0.173,1.25,37.27,26.54,0
2180.61,0.26,1.035,39.09,27.81,0
2780.99,0.145,1.204,47.86,22.85,0
2677.71,0.219,1.406,49.82,24.01,0
1789.67,0.198,0.727,38.44,20.33,0
2458.25,0.244,1.477,43.56,24.69,0
1771.63,0.174,1.417,42.3,27.68,0
2140.38,0.144,1.723,46.55,25.15,0
3032.04,0.096,1.517,42.99,27.01,0
1568.12,0.185,1.075,38.75,19.3,0
2172.24,0.177,1.377,41.25,27.51,0
960.33,0.066,2.029,71.48,42.12,1
2947.0,0.225,1.059,49.87,14.76,0
3021.49,0.177,0.733,51.69,31.13,0
5036.75,0.467,2.818,89.98,57.56,2
2385.7,0.24,0.704,38.84,16.18,0
2658.58,0.236,0.761,41.08,20.46,0
682.67,0.431,3.699,83.08,51.78,2
3107.28,0.159,0.817,41.3,17.6,0
2637.59,0.286,0.981,32.05,30.46,0
1525.12,0.246,1.032,53.85,19.08,0
3645.65,0.24,0.935,51.02,28.27,0
2803.82,0.143,1.724,55.61,29.21,0
2754.01,0.304,0.477,49.08,24.54,0
2770.39,0.179,1.566,48.9,15.65,0
1380.67,0.251,1.129,48.03,9.85,0
2302.84,0.171,1.312,34.36,5.17,0
855.55,0.095,1.439,63.06,45.76,1
2769.53,0.199,0.846,36.97,22.81,0
2535.39,0.222,0.897,46.19,18.26,0
2376.03,0.209,1.146,43.48,20.59,0
3195.44,0.183,1.128,53.38,15.4,0
2074.34,0.147,0.464,53.1,34.01,0
1778.71,0.18,1.095,42.67,24.35,0
2182.4,0.208,1.305,45.1,13.97,0
918.02,0.345,2.597,66.75,51.51,1
4546.8,0.355,1.888,68.27,43.11,1
1329.34,0.207,0.455,50.32,24.34,0
4761.6,0.329,1.948,61.47,48.42,1
703.67,0.007,2.483,87.86,47.52,2
914.94,0.084,1.678,71.41,43.16,1
1928.47,0.232,0.847,44.17,26.92,0
1916.06,0.152,0.884,35.28,20.16,0
3127.08,0.151,1.424,44.16,25.11,0
3957.49,0.265,0.832,47.68,15.19,0
2536.27,0.142,0.907,40.1,17.53,0
1634.89,0.243,0.72,36.45,30.89,0
929.57,0.325,2.033,61.65,41.17,1
784.28,0.415,3.155,83.06,58.71,2
1709.72,0.239,0.699,39.73,14.73,0
2199.16,0.226,1.292,42.37,33.28,0
2031.88,0.267,0.641,51.26,31.25,0
4443.95,0.316,1.381,68.56,37.47,1
974.24,0.082,1.714,61.62,41.91,1
4409.38,0.089,1.983,71.85,47.78,1
3143.73,0.216,0.914,30.2,23.54,0
2820.09,0.146,1.573,36.04,26.33,0
2631.47,0.204,1.487,58.66,19.59,0
2500.3,0.117,1.318,43.79,30.4,0
1901.4,0.252,1.57,46.71,25.78,0
2591.46,0.218,1.044,38.83,20.01,0
3227.56,0.287,1.35,36.28,11.21,0
2925.23,0.212,1.194,43.49,18.89,0
869.8,0.354,2.351,65.67,45.32,1
2832.43,0.205,0.747,54.93,13.88,0
2301.93,0.189,0.812,42.98,34.93,0
700.98,0.348,1.398,59.23,49.55,1
1949.84,0.216,1.52,49.92,32.25,0
965.58,0.08,2.329,62.7,38.05,1
2283.12,0.221,0.984,38.12,32.85,0
3892.02,0.259,1.684,49.6,16.11,0
4382.15,0.096,2.251,66.19,46.38,1
1002.92,0.067,2.349,63.13,44.38,1
4746.0,0.086,1.323,59.11,45.87,1
651.06,0.028,2.711,74.68,51.29,2
5078.37,0.453,3.204,82.4,55.73,2
1474.41,0.158,0.892,37.18,22.49,0
1073.2,0.329,2.037,61.04,44.18,1
2982.35,0.196,0.977,58.81,15.3,0
3221.49,0.216,0.986,39.18,32.67,0
934.68,0.33,1.514,64.49,43.03,1
2909.24,0.206,0.933,59.33,20.28,0
2258.15,0.137,1.459,45.92,20.87,0
635.37,0.026,3.13,91.04,52.76,2
2465.74,0.237,0.909,44.76,28.94,0
2267.32,0.188,0.988,42.14,24.87,0
939.93,0.065,2.43,57.79,41.56,1
2988.13,0.252,0.9,39.2,20.65,0
3133.33,0.338,0.845,42.74,6.46,0
3310.9,0.142,1.677,49.99,24.45,0
5311.75,0.023,3.442,89.61,4.47,2
3192.15,0.269,0.909,26.78,22.47,0
2461.49,0.206,1.152,38.59,32.94,0
2303.79,0.189,1.149,41.25,28.58,0
3661.09,0.155,0.606,48.52,22.56,0
859.86,0.379,1.821,70.39,42.78,1
3459.49,0.222,1.143,39.43,27.97,0
1173.97,0.255,1.047,45.04,27.79,0
2002.96,0.171,0.648,43.61,39.48,0
3185.62,0.113,0.646,46.84,42.99,0
1685.07,0.234,0.756,44.66,23.88,0
770.29,0.075,2.206,72.33,40.55,1
2478.5,0.29,0.558,32.07,25.84,0
1395.95,0.198,1.192,45.86,24.21,0
1720.47,0.243,1.636,49.06,7.42,0
918.33,0.09,2.468,62.81,45.58,1
2995.98,0.158,0.809,39.29,17.54,0
1566.42,0.293,0.782,46.4,14.58,0
2556.47,0.262,0.881,52.48,29.23,0
5349.91,0.032,2.611,90.04,5.67,2
2264.32,0.132,1.21,43.3,25.11,0
2153.04,0.209,1.191,34.22,15.24,0
4465.61,0.344,1.978,67.43,50.56,1
2986.65,0.181,0.865,52.24,15.06,0
2506.39,0.189,1.145,48.74,32.83,0
2053.8,0.262,1.414,43.13,28.24,0
914.53,0.076,2.094,67.04,46.75,1
2356.0,0.179,1.265,46.07,22.18,0
2018.98,0.147,0.996,44.09,26.75,0
2159.08,0.247,0.789,39.68,26.25,0
3384.43,0.267,1.238,42.02,28.77,0
3087.02,0.273,0.447,43.39,11.45,0
4633.53,0.092,1.87,61.04,46.26,1
1893.15,0.174,0.937,51.37,22.36,0
3077.98,0.273,1.018,47.43,26.32,0
1495.49,0.193,0.622,40.3,24.1,0
928.45,0.13,1.027,52.64,8.01,0
4331.5,0.084,1.752,71.1,48.18,1
2215.92,0.234,0.761,63.54,29.87,0
4230.54,0.228,1.211,49.16,27.58,0
4301.26,0.058,2.26,70.01,48.08,1
5161.3,0.026,2.821,89.35,55.8,2
4555.47,0.363,1.442,66.24,38.5,1
651.23,0.448,2.79,90.15,51.84,2
2323.76,0.136,0.73,30.98,26.85,0
4753.72,0.07,1.648,60.08,48.96,1
3525.9,0.192,0.945,37.28,14.63,0
2447.01,0.2,1.378,45.37,26.7,0
2296.85,0.279,1.493,50.28,23.35,0
791.08,0.353,1.641,61.83,47.66,1
3040.93,0.253,1.01,58.18,25.22,0
3275.4,0.083,0.287,49.37,34.1,0
3431.82,0.076,1.216,48.8,28.3,0
4878.0,0.331,1.881,67.57,52.47,1
2776.26,0.196,1.235,58.45,25.97,0
2915.03,0.24,1.293,44.09,15.3,0
2699.81,0.083,0.605,42.34,19.95,0
2411.32,0.223,1.212,40.09,23.34,0
1642.69,0.211,0.538,46.77,22.77,0
3149.34,0.173,1.321,46.21,18.31,0
1919.04,0.24,0.481,41.87,18.51,0
3141.57,0.21,0.952,63.75,25.45,0
2413.36,0.183,0.548,44.97,38.67,0
2422.76,0.255,1.125,32.32,28.38,0
3173.25,0.153,1.152,48.16,13.35,0
3129.48,0.182,0.988,43.89,20.68,0
3855.3,0.166,1.631,43.21,22.61,0
2351.6,0.177,0.995,39.09,23.21,0
3458.27,0.126,0.816,51.56,25.3,0
2829.53,0.257,1.372,25.74,27.97,0
2481.74,0.195,0.679,33.91,27.92,0
4497.48,0.087,2.259,61.8,59.63,1
1560.63,0.251,1.073,35.58,15.53,0
930.99,0.344,1.616,69.12,47.73,1
2240.77,0.164,1.5,45.85,28.55,0
741.79,0.457,3.068,85.35,3.21,2
2826.07,0.142,1.104,55.21,14.53,0
717.78,0.022,3.446,92.54,65.01,2
2749.09,0.167,0.823,50.34,21.11,0
3298.48,0.221,1.183,42.54,27.07,0
2352.6,0.243,1.303,38.33,26.07,0
2585.5,0.207,0.849,43.72,21.81,0
1885.12,0.174,0.897,32.64,35.49,0
4738.61,0.35,1.578,65.82,44.83,1
2234.8,0.266,0.429,36.46,27.66,0
787.53,0.449,2.779,91.45,59.85,2
1570.93,0.211,0.902,46.96,32.11,0
968.98,0.071,1.711,59.23,48.49,1
2481.76,0.119,1.09,51.53,22.09,0
1935.72,0.202,1.411,33.57,26.65,0
5047.05,0.032,3.252,86.64,6.68,2
2985.47,0.196,1.364,38.24,36.75,0
1873.52,0.219,0.629,41.23,27.2,0
706.93,0.027,2.855,82.07,44.77,2
2584.86,0.191,1.049,46.17,27.92,0
2431.91,0.211,1.37,37.78,29.17,0
852.81,0.33,1.487,63.53,50.43,1
845.9,0.077,2.489,63.14,44.03,1
1365.99,0.142,0.496,45.84,20.55,0
4280.9,0.086,1.915,65.49,45.62,1
2474.58,0.245,1.001,49.33,36.47,0
4720.99,0.078,1.846,66.22,44.76,1
3176.67,0.09,1.396,43.25,27.23,0
4516.83,0.071,2.344,64.51,41.19,1
2137.67,0.249,0.786,34.2,23.88,0
2775.87,0.191,0.601,44.57,24.31,0
978.05,0.075,2.196,64.51,40.57,1
2250.02,0.197,1.119,46.84,33.99,0
1044.16,0.245,0.923,42.86,30.14,0
695.42,0.229,1.073,37.37,18.1,0
1918.15,0.16,1.045,43.56,16.79,0
1985.89,0.144,0.923,41.23,30.58,0
607.03,0.03,3.14,86.62,1.39,2
3006.86,0.174,0.911,41.28,23.14,0
2606.43,0.095,0.82,52.69,18.7,0
4388.77,0.353,2.659,69.86,50.21,1
875.29,0.378,1.882,61.95,51.56,1
2866.04,0.255,1.656,58.71,26.01,0
4434.38,0.1,1.908,62.85,46.65,1
2138.56,0.204,1.05,55.66,25.54,0
3221.23,0.23,0.894,52.28,23.25,0
2498.79,0.28,0.731,42.67,33.87,0
2607.44,0.222,0.544,44.38,28.78,0
2289.09,0.15,1.28,50.6,31.55,0
1814.75,0.201,0.57,30.26,32.59,0
1909.47,0.176,0.509,46.56,22.41,0
1843.91,0.225,1.194,36.08,20.67,0
858.16,0.341,1.464,70.7,55.0,1
1714.22,0.102,1.039,33.04,19.37,0
2829.31,0.177,1.524,44.67,21.89,0
2230.13,0.208,1.583,31.44,22.15,0
1399.89,0.246,0.551,49.23,22.9,0
2181.01,0.196,1.478,44.98,30.66,0
2129.53,0.2,1.335,37.7,18.68,0
2614.9,0.155,1.928,34.75,16.51,0
5042.53,0.437,3.079,78.56,6.12,2
2423.85,0.207,1.176,48.6,30.74,0
1958.38,0.247,0.581,53.55,27.25,0
2401.26,0.254,1.283,48.41,32.5,0
2711.37,0.156,0.838,44.5,32.57,0
4366.33,0.079,1.943,58.05,49.16,1
2289.49,0.089,1.411,37.4,33.79,0
3067.52,0.162,0.888,42.75,25.76,0
1431.3,0.088,1.068,41.07,21.13,0
2917.52,0.216,0.526,43.51,33.25,0
1973.04,0.205,1.144,55.48,21.54,0
2201.46,0.206,0.812,45.67,20.85,0
807.43,0.342,2.467,67.6,40.77,1
2877.99,0.243,1.125,45.75,27.71,0
3620.33,0.262,1.212,51.85,29.46,0
2769.94,0.13,1.316,36.64,27.0,0
4369.22,0.337,2.126,62.11,48.52,1
2500.8,0.138,1.203,48.3,18.82,0
2016.9,0.254,0.349,36.64,18.29,0
1688.49,0.216,0.944,48.48,22.94,0
2914.28,0.213,1.197,44.51,16.69,0
3134.69,0.171,0.917,54.51,22.52,0
2709.01,0.155,0.854,52.52,28.47,0
3745.04,0.252,1.44,51.81,24.23,0
2800.5,0.156,1.223,40.54,26.52,0
684.83,0.432,3.065,86.85,6.17,2
2465.57,0.133,0.673,49.53,32.31,0
1957.42,0.195,1.246,46.11,37.12,0
1999.03,0.205,0.955,41.45,23.74,0
781.36,0.373,1.94,60.94,46.9,1
688.52,0.365,2.041,64.16,37.26,1
2600.26,0.202,1.39,40.0,17.39,0
2500.06,0.248,1.109,37.05,13.76,0
947.34,0.068,1.91,65.41,39.65,1
3017.93,0.149,0.854,51.27,27.0,0
730.71,0.44,3.132,85.7,3.05,2
2490.03,0.195,0.864,57.08,18.79,0
961.74,0.084,1.969,57.28,42.84,1
852.2,0.353,1.395,50.84,48.26,1
910.29,0.076,2.44,56.92,44.08,1
718.35,0.032,2.874,80.29,5.49,2
2349.82,0.194,1.35,44.27,22.94,0
1937.98,0.181,1.289,54.9,31.04,0
2780.95,0.199,1.007,38.38,24.52,0
2290.08,0.208,1.003,48.13,27.72,0
2377.71,0.232,1.093,40.75,17.59,0
654.08,0.041,2.797,88.94,5.53,2
2695.2,0.194,1.176,44.35,35.89,0
4618.51,0.06,2.562,69.89,45.15,1
686.32,0.467,3.23,85.17,8.99,2
1027.08,0.081,2.107,71.3,47.74,1
2673.71,0.155,1.188,47.81,39.41,0
4323.4,0.07,1.878,60.36,44.51,1
2762.18,0.206,1.087,49.15,23.08,0
2206.74,0.235,1.185,35.85,12.19,0
2252.82,0.111,0.963,37.93,26.78,0
3163.38,0.194,0.586,35.37,15.56,0
3301.76,0.219,1.325,41.05,21.9,0
2403.44,0.234,1.041,47.79,26.51,0
731.75,0.027,3.088,83.45,4.6,2
2791.71,0.103,0.385,50.17,28.55,0
2465.56,0.157,0.757,56.08,23.2,0
3356.38,0.179,1.227,31.6,29.62,0
2017.63,0.182,1.124,42.61,31.07,0
4444.1,0.315,2.204,64.01,38.17,1
926.6,0.068,1.95,65.25,50.96,1
2218.9,0.162,1.405,40.42,19.36,0
2545.42,0.19,0.735,46.31,29.12,0
725.74,0.357,2.014,58.61,54.35,1
688.2,0.053,3.715,81.61,53.9,2
2661.23,0.227,1.097,44.44,20.08,0
3658.67,0.243,0.886,31.92,19.17,0
1656.12,0.209,1.295,53.52,18.57,0
1901.41,0.2,0.582,40.84,23.45,0
2275.21,0.199,0.991,38.31,27.59,0
5345.74,0.426,3.263,90.23,57.7,2
2902.55,0.23,0.882,37.88,17.81,0
4319.7,0.086,1.961,62.41,50.3,1
2567.59,0.243,0.874,37.08,27.95,0
3100.99,0.283,1.092,49.11,34.9,0
2891.69,0.244,0.978,39.0,21.49,0
1895.65,0.255,0.343,55.74,32.86,0
4444.92,0.352,2.001,71.15,48.93,1
1659.96,0.31,1.36,36.19,30.51,0
2268.6,0.222,1.072,53.77,30.53,0
3081.74,0.253,1.059,48.36,24.51,0
2308.75,0.149,0.963,47.16,20.41,0
4706.76,0.351,1.948,59.96,36.66,1
2763.44,0.088,0.847,52.99,39.3,0
2674.15,0.214,0.956,48.95,36.45,0
2550.46,0.183,1.904,49.39,20.32,0
2365.23,0.194,1.17,40.4,24.66,0
2687.59,0.289,0.511,45.39,20.05,0
2812.9,0.11,0.901,50.13,16.08,0
2313.19,0.261,0.948,42.71,25.4,0
4501.76,0.358,1.841,65.21,46.98,1
2593.19,0.22,0.983,39.85,23.7,0
1540.36,0.109,1.314,45.1,16.17,0
4750.87,0.096,2.07,69.51,43.12,1
2517.92,0.309,0.794,56.37,27.68,0
1994.8,0.207,1.452,41.36,24.9,0
1419.1,0.256,0.944,50.1,27.46,0
2304.56,0.237,1.039,31.1,31.58,0
2266.27,0.183,0.598,50.21,23.57,0
924.52,0.333,1.646,63.9,47.44,1
775.57,0.328,2.457,65.42,40.72,1
2551.86,0.179,1.148,45.29,19.85,0
2484.04,0.109,0.788,35.26,36.93,0
1734.2,0.158,1.094,45.91,30.64,0
2139.69,0.162,1.02,52.2,28.51,0
2519.5,0.24,1.023,37.83,26.73,0
1902.82,0.198,0.579,44.06,28.64,0
2949.41,0.277,0.78,33.4,22.72,0
1937.73,0.234,0.795,43.08,24.9,0
2853.1,0.233,0.899,45.97,28.64,0
934.09,0.081,2.202,62.78,42.77,1
2155.54,0.227,1.31,42.15,31.36,0
706.17,0.453,2.89,87.59,3.94,2
2493.48,0.24,0.745,39.29,32.82,0
1882.89,0.156,1.189,42.5,36.83,0
3380.58,0.15,1.172,44.41,25.49,0
3235.69,0.161,0.416,59.24,28.1,0
646.54,0.443,3.086,75.37,3.5,2
980.5,0.076,2.714,62.07,43.6,1
2589.67,0.239,1.715,50.79,33.12,0
2196.42,0.236,1.018,50.32,22.24,0
4398.6,0.386,1.828,66.67,43.38,1
971.96,0.179,1.125,49.2,31.71,0
2058.96,0.283,1.12,38.91,40.49,0
2734.98,0.209,1.251,44.29,19.1,0
897.86,0.08,2.246,67.12,41.14,1
2176.86,0.124,0.849,39.29,22.19,0
1523.8,0.301,1.376,39.55,26.91,0
2750.48,0.167,1.139,42.46,18.92,0
4644.83,0.084,2.334,59.53,47.44,1
1252.22,0.168,1.198,52.19,29.2,0
2993.63,0.261,1.336,41.33,29.19,0
4200.77,0.357,2.13,75.07,47.25,1
5153.1,0.026,2.671,84.15,2.0,2
3339.82,0.218,1.011,42.59,24.42,0
3189.75,0.199,0.947,48.12,18.45,0
4463.48,0.082,2.134,68.33,44.31,1
979.44,0.07,1.945,64.64,48.4,1
3470.65,0.278,1.667,56.46,41.82,0
2761.92,0.205,0.447,53.75,27.95,0
1866.87,0.213,1.453,30.06,14.21,0
2905.37,0.21,1.328,32.85,18.48,0
2691.43,0.167,0.737,39.0,38.01,0
3195.77,0.273,1.054,46.77,33.83,0
3130.9,0.228,0.796,45.09,30.11,0
2535.67,0.227,1.166,39.21,30.39,0
1859.99,0.202,0.9,52.31,28.24,0
2387.07,0.157,0.928,36.48,31.87,0
3455.77,0.233,1.03,56.78,31.64,0
2215.0,0.073,1.058,43.5,32.83,0
3022.55,0.281,1.006,38.13,15.05,0
3348.77,0.21,1.072,40.07,20.62,0
808.61,0.08,1.741,71.14,40.16,1
1921.81,0.197,0.599,53.11,25.82,0
2463.03,0.261,1.043,59.92,33.82,0
4299.48,0.08,1.874,66.76,48.92,1
4749.96,0.357,1.629,72.62,48.12,1
3192.54,0.191,1.059,59.1,29.46,0
3089.14,0.152,1.115,51.31,16.35,0
2525.19,0.169,0.978,31.26,33.12,0
4168.92,0.352,2.195,63.22,46.81,1
662.04,0.446,2.992,86.5,48.39,2
665.57,0.485,2.716,92.04,49.35,2
2417.92,0.249,1.12,39.14,21.34,0
1960.58,0.182,1.031,59.42,18.83,0
3294.09,0.253,0.977,51.94,22.43,0
4292.73,0.081,2.546,63.04,42.81,1
2899.49,0.12,0.604,38.54,35.88,0
1812.78,0.24,1.465,50.53,23.35,0
927.4,0.076,2.75,68.63,50.77,1
2954.91,0.133,1.332,44.02,29.21,0
1571.28,0.211,0.845,49.48,29.32,0
3253.94,0.19,0.907,31.77,23.05,0
4934.74,0.39,2.069,61.09,53.39,1
1664.31,0.17,1.012,50.63,23.78,0
2515.17,0.15,0.303,49.7,42.52,0
3477.58,0.194,0.826,44.58,17.27,0
4243.06,0.352,2.138,64.26,37.1,1
2796.54,0.201,0.734,49.83,27.2,0
2104.37,0.166,1.306,40.4,27.39,0
1020.14,0.299,1.989,61.14,47.13,1
665.48,0.056,2.961,89.31,6.48,2
3764.68,0.208,1.09,39.52,29.95,0
3300.03,0.229,0.904,48.8,25.52,0
3291.17,0.238,0.477,40.75,35.98,0
3143.32,0.251,0.495,42.93,24.25,0
770.44,0.338,2.618,57.06,45.03,1
2916.35,0.236,0.481,54.34,42.48,0
2527.6,0.264,-0.062,48.16,21.73,0
2715.84,0.175,0.715,42.61,17.95,0
702.39,0.023,3.596,78.66,55.27,2
760.28,0.342,1.776,68.1,43.3,1
1365.16,0.242,0.772,45.77,19.54,0
4304.26,0.076,2.255,65.32,43.77,1
4157.52,0.122,0.848,38.4,33.61,0
688.97,0.046,3.689,89.99,3.9,2
1958.64,0.178,0.636,29.54,23.39,0
2561.05,0.217,0.983,42.32,22.35,0
2929.63,0.229,1.424,40.6,25.69,0
1752.55,0.226,1.927,46.96,25.81,0
895.54,0.354,1.832,53.65,44.16,1
2382.53,0.148,1.171,42.68,21.37,0
968.26,0.352,2.104,68.13,44.68,1
1565.16,0.342,0.883,46.28,20.98,0
4561.6,0.067,2.069,54.08,46.09,1
2774.39,0.305,0.959,49.14,24.25,0
3665.35,0.184,0.49,57.96,23.17,0
5184.07,0.032,3.152,88.48,8.83,2
2073.22,0.224,1.014,53.15,27.22,0
2113.25,0.167,0.487,37.66,18.75,0
1710.38,0.164,1.344,53.0,35.73,0
900.81,0.338,1.498,71.91,53.23,1
4544.24,0.366,1.692,66.85,46.88,1
522.25,0.141,2.08,41.25,23.54,0
1331.73,0.155,0.421,46.12,30.56,0
2745.84,0.19,0.951,37.92,39.67,0
1933.18,0.221,1.39,63.18,27.37,0
2887.58,0.186,0.614,47.67,27.47,0
2338.82,0.275,1.172,48.19,20.46,0
4524.12,0.079,1.55,63.62,42.86,1
5229.53,0.007,3.428,85.83,5.68,2
2522.53,0.255,0.979,27.34,23.94,0
3136.09,0.191,0.671,27.05,24.32,0
2803.44,0.196,1.377,47.84,23.36,0
1963.89,0.254,1.063,42.21,28.4,0
3251.37,0.208,1.193,45.57,12.73,0
1983.56,0.213,0.731,41.03,30.92,0
2561.75,0.084,1.502,48.09,33.59,0
1551.64,0.304,1.212,42.55,23.58,0
2500.67,0.123,1.148,50.84,20.79,0
3199.55,0.138,0.872,45.94,20.46,0
5321.44,0.455,3.694,80.12,9.42,2
1570.71,0.212,1.377,47.02,25.55,0
2329.55,0.16,0.535,52.0,21.67,0
2232.96,0.213,1.041,48.49,17.76,0
3135.52,0.315,0.937,39.66,34.7,0
4703.73,0.385,2.117,70.84,47.64,1
2450.28,0.206,1.042,35.84,20.71,0
4390.9,0.353,2.07,66.15,46.68,1
4183.64,0.088,2.251,65.56,43.5,1
2843.86,0.15,1.076,41.86,34.25,0
1831.22,0.186,0.677,46.32,18.33,0
3104.84,0.204,1.049,37.6,24.06,0
2246.95,0.235,1.386,44.68,17.69,0
2600.93,0.247,1.153,48.62,24.33,0
893.94,0.078,2.17,70.67,40.14,1
2956.59,0.226,1.438,41.73,21.33,0
5201.29,0.033,3.289,93.21,5.76,2
2496.46,0.243,0.851,49.04,14.44,0
5460.54,0.027,2.465,91.68,8.1,2
2337.23,0.168,0.491,41.61,20.63,0
2568.93,0.16,1.13,41.5,26.1,0
2947.7,0.206,0.967,40.62,22.7,0
1046.32,0.069,2.068,67.84,51.45,1
2004.87,0.22,0.718,30.37,34.22,0
5041.69,0.361,1.897,63.53,45.14,1
2911.05,0.206,1.442,46.0,28.05,0
3100.61,0.257,0.971,48.19,23.48,0
2921.53,0.267,0.881,56.07,26.3,0
2862.65,0.131,1.269,39.6,13.89,0
1062.21,0.355,2.197,65.78,43.26,1
870.73,0.364,2.135,62.69,47.44,1
2266.45,0.319,0.357,40.58,37.55,0
3249.38,0.21,0.812,45.39,29.28,0
4536.32,0.078,1.557,56.61,45.79,1
2359.38,0.304,1.109,44.26,33.67,0
2971.89,0.155,1.118,39.4,21.81,0
945.99,0.072,2.287,66.04,40.72,1
2978.26,0.217,0.513,40.1,25.28,0
2342.14,0.142,0.864,47.02,24.71,0
3322.83,0.225,0.759,53.18,31.77,0
2673.38,0.127,0.897,35.47,12.37,0
902.26,0.075,2.805,61.57,42.8,1
2977.92,0.192,1.559,34.61,12.6,0
3152.14,0.166,0.96,56.29,24.38,0
2373.95,0.229,1.314,41.66,36.45,0
3320.18,0.228,0.602,26.83,19.41,0
2675.41,0.143,0.66,39.32,26.92,0
1956.08,0.259,0.705,44.02,38.71,0
3002.85,0.231,1.334,37.83,21.63,0
3106.81,0.234,1.239,39.58,14.16,0
728.03,0.032,3.023,83.59,4.9,2
2124.5,0.148,1.21,55.14,22.79,0
1014.43,0.084,1.721,59.33,43.61,1
2148.52,0.244,0.971,47.15,21.14,0
1331.59,0.249,0.757,51.0,24.52,0
902.3,0.301,2.166,76.62,42.88,1
2496.83,0.249,1.121,48.2,15.02,0
2216.29,0.174,1.186,54.74,25.78,0
1730.42,0.236,1.053,43.35,23.04,0
860.72,0.364,1.98,62.84,52.23,1
2413.8,0.192,1.01,45.53,21.97,0
3263.63,0.194,0.525,59.63,30.76,0
1253.73,0.188,1.644,34.19,11.13,0
4681.6,0.384,2.121,63.77,35.79,1
2279.38,0.177,1.094,40.26,27.77,0
4465.67,0.328,2.054,63.72,39.65,1
2190.9,0.194,1.132,53.88,24.83,0
4499.56,0.309,1.937,60.49,48.24,1
1399.86,0.213,0.736,47.08,15.96,0
3053.81,0.182,1.151,48.65,34.36,0
774.11,0.039,2.278,86.66,5.73,2
3571.15,0.222,0.897,40.22,20.86,0
3244.94,0.148,1.178,44.97,38.16,0
929.87,0.074,1.963,65.48,40.5,1
2837.91,0.233,1.078,42.19,30.05,0
2097.51,0.142,1.004,46.83,20.73,0
1845.53,0.165,1.109,40.27,16.47,0
4650.46,0.087,2.423,62.56,47.53,1
2445.02,0.21,1.075,47.02,28.47,0
2690.68,0.167,0.85,40.31,17.99,0
2213.49,0.214,0.414,39.93,22.71,0
2718.67,0.189,1.374,51.08,38.34,0
2210.01,0.186,1.031,54.04,21.6,0
4631.64,0.345,1.931,64.01,40.68,1
2115.04,0.247,0.983,44.76,24.39,0
2222.11,0.322,0.993,54.5,17.92,0
2769.29,0.216,0.692,41.25,20.62,0
3005.35,0.23,0.897,46.92,26.99,0
4088.16,0.063,2.138,65.29,45.53,1
2489.65,0.18,0.516,45.6,26.6,0
820.31,0.093,2.47,61.49,44.21,1
2181.54,0.147,1.538,47.58,29.51,0
813.59,0.364,2.421,65.92,40.86,1
2009.73,0.173,1.318,33.7,16.67,0
2660.78,0.231,1.115,44.01,18.73,0
698.05,0.024,2.971,89.89,59.07,2
3456.51,0.205,1.429,43.18,18.84,0
2661.51,0.098,0.627,48.6,35.85,0
2197.42,0.17,0.47,57.19,15.97,0
2535.07,0.178,1.196,48.13,24.94,0
2014.17,0.209,0.764,46.42,29.77,0
3077.5,0.256,0.953,44.99,29.21,0
754.48,0.033,3.024,76.89,3.17,2
5314.8,0.045,2.797,73.49,55.96,2
2076.32,0.182,0.917,42.63,20.3,0
910.8,0.08,2.063,67.99,40.45,1
2831.74,0.153,1.332,46.4,26.8,0
2293.31,0.217,0.794,49.56,24.4,0
1738.43,0.277,0.967,47.09,30.83,0
668.49,0.014,3.04,81.4,49.99,2
4551.32,0.357,2.037,60.01,44.9,1
2459.91,0.199,1.116,41.29,22.16,0
2920.42,0.146,0.934,59.91,32.42,0
5362.3,0.028,2.95,90.02,4.46,2
759.55,0.045,3.487,73.04,53.43,2
2707.86,0.205,0.934,39.35,35.6,0
1397.01,0.172,0.748,52.27,28.71,0
2666.79,0.253,1.31,41.23,28.07,0
2729.95,0.171,0.944,31.19,31.07,0
2990.65,0.139,1.141,44.43,32.21,0
